IMEI,Serial,Região do hardware,Versão do SO,Chave 61u.key,,
355800020159335,BQAAF0150B2158102502038,BR,1.1.2 BR,yP6GCJp4lNGCFV,,Esta lista é composta por dados obtidos dos consoles que passam pelo Zeebo Hospital (iniciativa do OpenZeebo)
355800020098020,BQAAF0150B2158102402209,BR,1.1.2 BR,3ulp223EpFKhDT,,cuja publicação foi autorizada por seus respectivos donos.
355800020100685,BQAAF0150B2158102403330,BR,1.1.2 BR,8a1uGYV4N64OMN,,
355800020094888,BQAAF0150B2158101900050,BR,1.1.2 BR,6lQNLJ4TJ99pGh,,"Caso algum padrão ou lógica for encontrada, favor entrar em contato comigo. Um eventual gerador e a lógica será disponibilizado"
355800020050880,BQAAF0150B2158102403706,BR,1.1.2 BR,WDGbpO0F9aJNOI,,livremente no Wiki do OpenZeebo. Meu e-mail encontra-se no link abaixo.
355800020049890,BQAAF0150B2158101802866,BR,1.1.2 BR,LpVVG9uDWpxOOl,,
355800020268425,SQAAF0250B2120052701447,MX,1.1.2 BR,Z6QHKabDyJ1IDD,,Mais informações em:  https://www.tripleoxygen.net/wiki/console/zeebo/61u.key
355800020245241,BQAAF0150B2158102400770,BR,1.1.2 BR,TPKP2MAWBLuM1G,,
355800020084657,BQAAF0150B2158101803490,BR,1.1.2 BR,3ulp223EpFKhDT,,Notas sobre os seriais:
355800020204388,BQAAF0150B2148100700150,BR,1.1.0 BR,Oppf9hpQafOJW6,,"- Início com ""BQAAF"" representa um console de hardware BR"
,,,,,,"- Início com ""SQAAF"" representa um console de hardware MX"